{
  "budget": {
    "precision": 0.0,
    "recall": 0.0,
    "f1-score": 0.0,
    "support": 167,
    "confused_with": {}
  },
  "powertrain": {
    "precision": 1.0,
    "recall": 0.9090909090909091,
    "f1-score": 0.9523809523809523,
    "support": 11,
    "confused_with": {}
  },
  "brand": {
    "precision": 1.0,
    "recall": 0.696969696969697,
    "f1-score": 0.8214285714285715,
    "support": 66,
    "confused_with": {}
  },
  "body_type": {
    "precision": 1.0,
    "recall": 0.7714285714285715,
    "f1-score": 0.870967741935484,
    "support": 35,
    "confused_with": {}
  },
  "feature": {
    "precision": 1.0,
    "recall": 0.9696969696969697,
    "f1-score": 0.9846153846153847,
    "support": 33,
    "confused_with": {}
  },
  "hard_filter": {
    "precision": 1.0,
    "recall": 0.4444444444444444,
    "f1-score": 0.6153846153846153,
    "support": 18,
    "confused_with": {
      "preference": 6
    }
  },
  "preference": {
    "precision": 0.717948717948718,
    "recall": 0.6021505376344086,
    "f1-score": 0.6549707602339182,
    "support": 93,
    "confused_with": {}
  },
  "micro avg": {
    "precision": 0.8905472636815921,
    "recall": 0.4231678486997636,
    "f1-score": 0.5737179487179488,
    "support": 423
  },
  "macro avg": {
    "precision": 0.8168498168498168,
    "recall": 0.6276830184664286,
    "f1-score": 0.6999640037112751,
    "support": 423
  },
  "weighted avg": {
    "precision": 0.5431896708492453,
    "recall": 0.4231678486997636,
    "f1-score": 0.47199966579007874,
    "support": 423
  },
  "accuracy": 0.802731411229135
}