{
  "body_type": {
    "precision": 1.0,
    "recall": 0.875,
    "f1-score": 0.9333333333333333,
    "support": 8,
    "confused_with": {}
  },
  "budget": {
    "precision": 0.972972972972973,
    "recall": 1.0,
    "f1-score": 0.9863013698630138,
    "support": 36,
    "confused_with": {}
  },
  "brand": {
    "precision": 1.0,
    "recall": 0.8125,
    "f1-score": 0.896551724137931,
    "support": 16,
    "confused_with": {
      "budget": 1
    }
  },
  "hard_filter": {
    "precision": 0.0,
    "recall": 0.0,
    "f1-score": 0.0,
    "support": 3,
    "confused_with": {
      "preference": 1
    }
  },
  "feature": {
    "precision": 1.0,
    "recall": 1.0,
    "f1-score": 1.0,
    "support": 5,
    "confused_with": {}
  },
  "preference": {
    "precision": 0.631578947368421,
    "recall": 0.9230769230769231,
    "f1-score": 0.7499999999999999,
    "support": 13,
    "confused_with": {}
  },
  "micro avg": {
    "precision": 0.8795180722891566,
    "recall": 0.9012345679012346,
    "f1-score": 0.8902439024390244,
    "support": 81
  },
  "macro avg": {
    "precision": 0.767425320056899,
    "recall": 0.7684294871794872,
    "f1-score": 0.7610310712223797,
    "support": 81
  },
  "weighted avg": {
    "precision": 0.8918216462076113,
    "recall": 0.9012345679012346,
    "f1-score": 0.8897326366412599,
    "support": 81
  },
  "accuracy": 0.9313304721030042
}