{
  "ask_recommendation": {
    "precision": 0.9393939393939394,
    "recall": 1.0,
    "f1-score": 0.96875,
    "support": 31,
    "confused_with": {}
  },
  "choose_preference": {
    "precision": 0.8,
    "recall": 0.6666666666666666,
    "f1-score": 0.7272727272727272,
    "support": 6,
    "confused_with": {
      "ask_recommendation": 2
    }
  },
  "greet": {
    "precision": 0.0,
    "recall": 0.0,
    "f1-score": 0.0,
    "support": 1,
    "confused_with": {
      "choose_preference": 1
    }
  },
  "accuracy": 0.9210526315789473,
  "macro avg": {
    "precision": 0.5797979797979799,
    "recall": 0.5555555555555555,
    "f1-score": 0.5653409090909091,
    "support": 38
  },
  "weighted avg": {
    "precision": 0.8926634768740032,
    "recall": 0.9210526315789473,
    "f1-score": 0.9051285885167463,
    "support": 38
  },
  "micro avg": {
    "precision": 0.9210526315789473,
    "recall": 0.9210526315789473,
    "f1-score": 0.9210526315789473,
    "support": 38
  }
}