{
  "budget": {
    "precision": 0.0,
    "recall": 0.0,
    "f1-score": 0.0,
    "support": 204,
    "confused_with": {}
  },
  "brand.negated": {
    "precision": 0.0,
    "recall": 0.0,
    "f1-score": 0.0,
    "support": 6,
    "confused_with": {
      "brand": 5
    }
  },
  "body_type": {
    "precision": 0.8378378378378378,
    "recall": 0.7948717948717948,
    "f1-score": 0.8157894736842105,
    "support": 39,
    "confused_with": {}
  },
  "min_seat": {
    "precision": 0.0,
    "recall": 0.0,
    "f1-score": 0.0,
    "support": 5,
    "confused_with": {}
  },
  "powertrain.negated": {
    "precision": 0.0,
    "recall": 0.0,
    "f1-score": 0.0,
    "support": 8,
    "confused_with": {
      "powertrain": 8
    }
  },
  "hard_filter": {
    "precision": 1.0,
    "recall": 0.4444444444444444,
    "f1-score": 0.6153846153846153,
    "support": 18,
    "confused_with": {
      "preference": 6
    }
  },
  "brand": {
    "precision": 0.9019607843137255,
    "recall": 0.6865671641791045,
    "f1-score": 0.7796610169491525,
    "support": 67,
    "confused_with": {}
  },
  "body_type.negated": {
    "precision": 0.0,
    "recall": 0.0,
    "f1-score": 0.0,
    "support": 6,
    "confused_with": {
      "body_type": 6
    }
  },
  "preference.negated": {
    "precision": 0.0,
    "recall": 0.0,
    "f1-score": 0.0,
    "support": 1,
    "confused_with": {
      "preference": 1
    }
  },
  "feature": {
    "precision": 1.0,
    "recall": 0.9696969696969697,
    "f1-score": 0.9846153846153847,
    "support": 33,
    "confused_with": {}
  },
  "preference": {
    "precision": 0.6571428571428571,
    "recall": 0.6571428571428571,
    "f1-score": 0.6571428571428571,
    "support": 105,
    "confused_with": {}
  },
  "powertrain": {
    "precision": 0.5263157894736842,
    "recall": 0.9090909090909091,
    "f1-score": 0.6666666666666666,
    "support": 11,
    "confused_with": {}
  },
  "micro avg": {
    "precision": 0.7777777777777778,
    "recall": 0.38966202783300197,
    "f1-score": 0.519205298013245,
    "support": 503
  },
  "macro avg": {
    "precision": 0.4102714390640087,
    "recall": 0.37181784495217324,
    "f1-score": 0.37660500120357393,
    "support": 503
  },
  "weighted avg": {
    "precision": 0.4351819521051805,
    "recall": 0.38966202783300197,
    "f1-score": 0.405478412946007,
    "support": 503
  },
  "accuracy": 0.8064330844342332
}