{
  "hard_filter": {
    "precision": 0.5789473684210527,
    "recall": 0.6111111111111112,
    "f1-score": 0.5945945945945946,
    "support": 18,
    "confused_with": {}
  },
  "body_type.negated": {
    "precision": 0.5,
    "recall": 0.5714285714285714,
    "f1-score": 0.5333333333333333,
    "support": 7,
    "confused_with": {
      "body_type": 2
    }
  },
  "min_seat": {
    "precision": 1.0,
    "recall": 0.4,
    "f1-score": 0.5714285714285715,
    "support": 5,
    "confused_with": {
      "budget": 3
    }
  },
  "powertrain": {
    "precision": 0.9,
    "recall": 0.8181818181818182,
    "f1-score": 0.8571428571428572,
    "support": 11,
    "confused_with": {
      "powertrain.negated": 1,
      "budget": 1
    }
  },
  "brand.negated": {
    "precision": 0.8,
    "recall": 0.5714285714285714,
    "f1-score": 0.6666666666666666,
    "support": 7,
    "confused_with": {
      "powertrain.negated": 1
    }
  },
  "budget": {
    "precision": 0.9469387755102041,
    "recall": 0.9957081545064378,
    "f1-score": 0.9707112970711297,
    "support": 233,
    "confused_with": {}
  },
  "preference": {
    "precision": 0.6984126984126984,
    "recall": 0.704,
    "f1-score": 0.7011952191235059,
    "support": 125,
    "confused_with": {
      "preference.negated": 1
    }
  },
  "powertrain.negated": {
    "precision": 0.7777777777777778,
    "recall": 0.7777777777777778,
    "f1-score": 0.7777777777777778,
    "support": 9,
    "confused_with": {
      "powertrain": 1
    }
  },
  "preference.negated": {
    "precision": 0.6666666666666666,
    "recall": 0.4,
    "f1-score": 0.5,
    "support": 5,
    "confused_with": {
      "preference": 1
    }
  },
  "body_type": {
    "precision": 0.868421052631579,
    "recall": 0.8461538461538461,
    "f1-score": 0.8571428571428572,
    "support": 39,
    "confused_with": {
      "body_type.negated": 4,
      "budget": 1
    }
  },
  "brand": {
    "precision": 0.9444444444444444,
    "recall": 0.7611940298507462,
    "f1-score": 0.8429752066115703,
    "support": 67,
    "confused_with": {
      "budget": 5
    }
  },
  "feature": {
    "precision": 1.0,
    "recall": 0.9393939393939394,
    "f1-score": 0.96875,
    "support": 33,
    "confused_with": {
      "budget": 2
    }
  },
  "micro avg": {
    "precision": 0.8618181818181818,
    "recall": 0.8479427549194991,
    "f1-score": 0.8548241659152389,
    "support": 559
  },
  "macro avg": {
    "precision": 0.806800731988702,
    "recall": 0.699698151652735,
    "f1-score": 0.7368098650744054,
    "support": 559
  },
  "weighted avg": {
    "precision": 0.8637547527563264,
    "recall": 0.8479427549194991,
    "f1-score": 0.8525764076350181,
    "support": 559
  },
  "accuracy": 0.9490616621983914
}