{
  "powertrain": {
    "precision": 0.5,
    "recall": 0.42105263157894735,
    "f1-score": 0.45714285714285713,
    "support": 19,
    "confused_with": {}
  },
  "body_type": {
    "precision": 0.5,
    "recall": 0.10256410256410256,
    "f1-score": 0.1702127659574468,
    "support": 39,
    "confused_with": {}
  },
  "powertrain.negated": {
    "precision": 0.0,
    "recall": 0.0,
    "f1-score": 0.0,
    "support": 9,
    "confused_with": {}
  },
  "preference": {
    "precision": 0.5,
    "recall": 0.20454545454545456,
    "f1-score": 0.2903225806451613,
    "support": 132,
    "confused_with": {}
  },
  "body_type.negated": {
    "precision": 0.0,
    "recall": 0.0,
    "f1-score": 0.0,
    "support": 7,
    "confused_with": {}
  },
  "min_seat": {
    "precision": 0.5106382978723404,
    "recall": 0.6666666666666666,
    "f1-score": 0.5783132530120482,
    "support": 36,
    "confused_with": {}
  },
  "preference.negated": {
    "precision": 0.5,
    "recall": 0.4,
    "f1-score": 0.4444444444444445,
    "support": 5,
    "confused_with": {}
  },
  "budget": {
    "precision": 0.4973821989528796,
    "recall": 0.7692307692307693,
    "f1-score": 0.604133545310016,
    "support": 247,
    "confused_with": {}
  },
  "hard_filter": {
    "precision": 0.5,
    "recall": 0.8571428571428571,
    "f1-score": 0.631578947368421,
    "support": 14,
    "confused_with": {}
  },
  "feature": {
    "precision": 0.5,
    "recall": 0.2619047619047619,
    "f1-score": 0.34375000000000006,
    "support": 42,
    "confused_with": {}
  },
  "brand": {
    "precision": 0.5,
    "recall": 0.26865671641791045,
    "f1-score": 0.34951456310679613,
    "support": 67,
    "confused_with": {}
  },
  "brand.negated": {
    "precision": 0.0,
    "recall": 0.0,
    "f1-score": 0.0,
    "support": 7,
    "confused_with": {}
  },
  "micro avg": {
    "precision": 0.4991568296795953,
    "recall": 0.47435897435897434,
    "f1-score": 0.4864420706655711,
    "support": 624
  },
  "macro avg": {
    "precision": 0.375668374735435,
    "recall": 0.3293136633376225,
    "f1-score": 0.3224510797489326,
    "support": 624
  },
  "weighted avg": {
    "precision": 0.48114804786020116,
    "recall": 0.47435897435897434,
    "f1-score": 0.43686884425762684,
    "support": 624
  },
  "accuracy": 0.8747996794871795
}