{
  "out_of_scope": {
    "precision": 0.7,
    "recall": 0.7,
    "f1-score": 0.7,
    "support": 10,
    "confused_with": {
      "ask_recommendation": 2,
      "start_search": 1
    }
  },
  "ask_recommendation": {
    "precision": 0.7708333333333334,
    "recall": 0.925,
    "f1-score": 0.840909090909091,
    "support": 40,
    "confused_with": {
      "start_search": 1,
      "out_of_scope": 1
    }
  },
  "choose_preference": {
    "precision": 0.5454545454545454,
    "recall": 0.4,
    "f1-score": 0.4615384615384615,
    "support": 15,
    "confused_with": {
      "ask_recommendation": 7,
      "start_search": 1
    }
  },
  "start_search": {
    "precision": 0.7272727272727273,
    "recall": 0.8,
    "f1-score": 0.761904761904762,
    "support": 10,
    "confused_with": {
      "out_of_scope": 1,
      "ask_recommendation": 1
    }
  },
  "greet": {
    "precision": 1.0,
    "recall": 0.5,
    "f1-score": 0.6666666666666666,
    "support": 10,
    "confused_with": {
      "choose_preference": 5
    }
  },
  "ask_comparison": {
    "precision": 0.9333333333333333,
    "recall": 0.9333333333333333,
    "f1-score": 0.9333333333333333,
    "support": 15,
    "confused_with": {
      "ask_recommendation": 1
    }
  },
  "accuracy": 0.77,
  "macro avg": {
    "precision": 0.7794823232323232,
    "recall": 0.7097222222222223,
    "f1-score": 0.7273920523920524,
    "support": 100
  },
  "weighted avg": {
    "precision": 0.7728787878787878,
    "recall": 0.77,
    "f1-score": 0.7584515484515484,
    "support": 100
  },
  "micro avg": {
    "precision": 0.77,
    "recall": 0.77,
    "f1-score": 0.77,
    "support": 100
  }
}