{
  "ask_recommendation": {
    "precision": 1.0,
    "recall": 0.9958333333333333,
    "f1-score": 0.9979123173277662,
    "support": 480,
    "confused_with": {
      "choose_preference": 2
    }
  },
  "out_of_scope": {
    "precision": 1.0,
    "recall": 1.0,
    "f1-score": 1.0,
    "support": 50,
    "confused_with": {}
  },
  "ask_comparison": {
    "precision": 1.0,
    "recall": 1.0,
    "f1-score": 1.0,
    "support": 57,
    "confused_with": {}
  },
  "start_search": {
    "precision": 1.0,
    "recall": 1.0,
    "f1-score": 1.0,
    "support": 29,
    "confused_with": {}
  },
  "greet": {
    "precision": 1.0,
    "recall": 1.0,
    "f1-score": 1.0,
    "support": 24,
    "confused_with": {}
  },
  "choose_preference": {
    "precision": 0.9838709677419355,
    "recall": 1.0,
    "f1-score": 0.991869918699187,
    "support": 122,
    "confused_with": {}
  },
  "accuracy": 0.9973753280839895,
  "macro avg": {
    "precision": 0.9973118279569894,
    "recall": 0.9993055555555556,
    "f1-score": 0.9982970393378255,
    "support": 762
  },
  "weighted avg": {
    "precision": 0.9974176615019896,
    "recall": 0.9973753280839895,
    "f1-score": 0.9973832577409824,
    "support": 762
  },
  "micro avg": {
    "precision": 0.9973753280839895,
    "recall": 0.9973753280839895,
    "f1-score": 0.9973753280839895,
    "support": 762
  }
}