{
  "choose_preference": {
    "precision": 1.0,
    "recall": 0.9902912621359223,
    "f1-score": 0.9951219512195122,
    "support": 103,
    "confused_with": {
      "ask_recommendation": 1
    }
  },
  "greet": {
    "precision": 1.0,
    "recall": 1.0,
    "f1-score": 1.0,
    "support": 24,
    "confused_with": {}
  },
  "start_search": {
    "precision": 1.0,
    "recall": 1.0,
    "f1-score": 1.0,
    "support": 29,
    "confused_with": {}
  },
  "ask_comparison": {
    "precision": 1.0,
    "recall": 1.0,
    "f1-score": 1.0,
    "support": 51,
    "confused_with": {}
  },
  "ask_recommendation": {
    "precision": 0.9976851851851852,
    "recall": 1.0,
    "f1-score": 0.9988412514484357,
    "support": 431,
    "confused_with": {}
  },
  "out_of_scope": {
    "precision": 1.0,
    "recall": 1.0,
    "f1-score": 1.0,
    "support": 50,
    "confused_with": {}
  },
  "accuracy": 0.998546511627907,
  "macro avg": {
    "precision": 0.9996141975308642,
    "recall": 0.9983818770226538,
    "f1-score": 0.9989938671113247,
    "support": 688
  },
  "weighted avg": {
    "precision": 0.9985498761843238,
    "recall": 0.998546511627907,
    "f1-score": 0.9985438086480893,
    "support": 688
  },
  "micro avg": {
    "precision": 0.998546511627907,
    "recall": 0.998546511627907,
    "f1-score": 0.998546511627907,
    "support": 688
  }
}