{
  "powertrain": {
    "precision": 1.0,
    "recall": 1.0,
    "f1-score": 1.0,
    "support": 3,
    "confused_with": {}
  },
  "brand": {
    "precision": 1.0,
    "recall": 1.0,
    "f1-score": 1.0,
    "support": 8,
    "confused_with": {}
  },
  "body_type": {
    "precision": 1.0,
    "recall": 1.0,
    "f1-score": 1.0,
    "support": 5,
    "confused_with": {}
  },
  "hard_filter": {
    "precision": 1.0,
    "recall": 0.3333333333333333,
    "f1-score": 0.5,
    "support": 6,
    "confused_with": {
      "preference": 1
    }
  },
  "preference": {
    "precision": 0.5833333333333334,
    "recall": 0.9130434782608695,
    "f1-score": 0.7118644067796611,
    "support": 23,
    "confused_with": {}
  },
  "budget": {
    "precision": 0.0,
    "recall": 0.0,
    "f1-score": 0.0,
    "support": 53,
    "confused_with": {}
  },
  "feature": {
    "precision": 1.0,
    "recall": 1.0,
    "f1-score": 1.0,
    "support": 5,
    "confused_with": {}
  },
  "micro avg": {
    "precision": 0.7457627118644068,
    "recall": 0.42718446601941745,
    "f1-score": 0.5432098765432098,
    "support": 103
  },
  "macro avg": {
    "precision": 0.7976190476190476,
    "recall": 0.7494824016563147,
    "f1-score": 0.7445520581113801,
    "support": 103
  },
  "weighted avg": {
    "precision": 0.3923948220064725,
    "recall": 0.42718446601941745,
    "f1-score": 0.39196972190225443,
    "support": 103
  },
  "accuracy": 0.867513611615245
}