{
  "hard_filter": {
    "precision": 1.0,
    "recall": 0.4444444444444444,
    "f1-score": 0.6153846153846153,
    "support": 18,
    "confused_with": {
      "preference": 6
    }
  },
  "body_type.negated": {
    "precision": 0.0,
    "recall": 0.0,
    "f1-score": 0.0,
    "support": 7,
    "confused_with": {
      "body_type": 6
    }
  },
  "min_seat": {
    "precision": 0.0,
    "recall": 0.0,
    "f1-score": 0.0,
    "support": 5,
    "confused_with": {}
  },
  "powertrain": {
    "precision": 0.5263157894736842,
    "recall": 0.9090909090909091,
    "f1-score": 0.6666666666666666,
    "support": 11,
    "confused_with": {}
  },
  "brand.negated": {
    "precision": 0.0,
    "recall": 0.0,
    "f1-score": 0.0,
    "support": 7,
    "confused_with": {
      "brand": 5
    }
  },
  "budget": {
    "precision": 0.0,
    "recall": 0.0,
    "f1-score": 0.0,
    "support": 233,
    "confused_with": {}
  },
  "preference": {
    "precision": 0.2972027972027972,
    "recall": 0.68,
    "f1-score": 0.41362530413625304,
    "support": 125,
    "confused_with": {}
  },
  "powertrain.negated": {
    "precision": 0.0,
    "recall": 0.0,
    "f1-score": 0.0,
    "support": 9,
    "confused_with": {
      "powertrain": 8
    }
  },
  "preference.negated": {
    "precision": 0.0,
    "recall": 0.0,
    "f1-score": 0.0,
    "support": 5,
    "confused_with": {
      "preference": 1
    }
  },
  "body_type": {
    "precision": 0.8378378378378378,
    "recall": 0.7948717948717948,
    "f1-score": 0.8157894736842105,
    "support": 39,
    "confused_with": {}
  },
  "brand": {
    "precision": 0.9019607843137255,
    "recall": 0.6865671641791045,
    "f1-score": 0.7796610169491525,
    "support": 67,
    "confused_with": {}
  },
  "feature": {
    "precision": 1.0,
    "recall": 0.9696969696969697,
    "f1-score": 0.9846153846153847,
    "support": 33,
    "confused_with": {}
  },
  "micro avg": {
    "precision": 0.4896073903002309,
    "recall": 0.37924865831842575,
    "f1-score": 0.4274193548387097,
    "support": 559
  },
  "macro avg": {
    "precision": 0.3802764340690037,
    "recall": 0.3737226068569352,
    "f1-score": 0.35631187178635687,
    "support": 559
  },
  "weighted avg": {
    "precision": 0.3346097881203139,
    "recall": 0.37924865831842575,
    "f1-score": 0.3339155719657838,
    "support": 559
  },
  "accuracy": 0.7924166985829184
}