{
  "hard_filter": {
    "precision": 0.7894736842105263,
    "recall": 0.8333333333333334,
    "f1-score": 0.8108108108108109,
    "support": 18,
    "confused_with": {}
  },
  "feature": {
    "precision": 1.0,
    "recall": 1.0,
    "f1-score": 1.0,
    "support": 33,
    "confused_with": {}
  },
  "powertrain": {
    "precision": 0.8888888888888888,
    "recall": 0.7272727272727273,
    "f1-score": 0.7999999999999999,
    "support": 11,
    "confused_with": {
      "powertrain.negated": 2,
      "budget": 1
    }
  },
  "body_type": {
    "precision": 0.9230769230769231,
    "recall": 0.9230769230769231,
    "f1-score": 0.9230769230769231,
    "support": 39,
    "confused_with": {
      "body_type.negated": 2
    }
  },
  "min_seat": {
    "precision": 0.6666666666666666,
    "recall": 0.4,
    "f1-score": 0.5,
    "support": 5,
    "confused_with": {
      "budget": 3
    }
  },
  "powertrain.negated": {
    "precision": 0.7272727272727273,
    "recall": 1.0,
    "f1-score": 0.8421052631578948,
    "support": 8,
    "confused_with": {}
  },
  "preference": {
    "precision": 0.75,
    "recall": 0.8285714285714286,
    "f1-score": 0.7873303167420814,
    "support": 105,
    "confused_with": {
      "preference.negated": 1
    }
  },
  "body_type.negated": {
    "precision": 0.7142857142857143,
    "recall": 0.8333333333333334,
    "f1-score": 0.7692307692307692,
    "support": 6,
    "confused_with": {
      "body_type": 1
    }
  },
  "preference.negated": {
    "precision": 0.0,
    "recall": 0.0,
    "f1-score": 0.0,
    "support": 1,
    "confused_with": {
      "preference": 1
    }
  },
  "brand.negated": {
    "precision": 0.8,
    "recall": 0.6666666666666666,
    "f1-score": 0.7272727272727272,
    "support": 6,
    "confused_with": {
      "powertrain.negated": 1,
      "brand": 1
    }
  },
  "brand": {
    "precision": 0.9607843137254902,
    "recall": 0.7313432835820896,
    "f1-score": 0.8305084745762712,
    "support": 67,
    "confused_with": {
      "budget": 4
    }
  },
  "budget": {
    "precision": 0.9571428571428572,
    "recall": 0.9852941176470589,
    "f1-score": 0.9710144927536232,
    "support": 204,
    "confused_with": {
      "min_seat": 1
    }
  },
  "micro avg": {
    "precision": 0.8888888888888888,
    "recall": 0.8906560636182903,
    "f1-score": 0.8897715988083416,
    "support": 503
  },
  "macro avg": {
    "precision": 0.7647993146058161,
    "recall": 0.7440743177902966,
    "f1-score": 0.7467791481350917,
    "support": 503
  },
  "weighted avg": {
    "precision": 0.8938473666154024,
    "recall": 0.8906560636182903,
    "f1-score": 0.8886901893740489,
    "support": 503
  },
  "accuracy": 0.9494543365881677
}