{
  "greet": {
    "precision": 0.6666666666666666,
    "recall": 0.8,
    "f1-score": 0.7272727272727272,
    "support": 5,
    "confused_with": {
      "choose_preference": 1
    }
  },
  "ask_recommendation": {
    "precision": 0.905,
    "recall": 0.9731182795698925,
    "f1-score": 0.9378238341968912,
    "support": 186,
    "confused_with": {
      "start_search": 2,
      "out_of_scope": 1
    }
  },
  "choose_preference": {
    "precision": 0.75,
    "recall": 0.5625,
    "f1-score": 0.6428571428571429,
    "support": 16,
    "confused_with": {
      "ask_recommendation": 7
    }
  },
  "out_of_scope": {
    "precision": 0.875,
    "recall": 0.6086956521739131,
    "f1-score": 0.717948717948718,
    "support": 23,
    "confused_with": {
      "ask_recommendation": 5,
      "choose_preference": 2
    }
  },
  "start_search": {
    "precision": 0.7894736842105263,
    "recall": 0.7894736842105263,
    "f1-score": 0.7894736842105263,
    "support": 19,
    "confused_with": {
      "ask_comparison": 2,
      "out_of_scope": 1
    }
  },
  "ask_comparison": {
    "precision": 0.8333333333333334,
    "recall": 0.6818181818181818,
    "f1-score": 0.7499999999999999,
    "support": 22,
    "confused_with": {
      "ask_recommendation": 6,
      "start_search": 1
    }
  },
  "accuracy": 0.8782287822878229,
  "macro avg": {
    "precision": 0.8032456140350877,
    "recall": 0.7359342996287523,
    "f1-score": 0.7608960177476676,
    "support": 271
  },
  "weighted avg": {
    "precision": 0.8749876998769989,
    "recall": 0.8782287822878229,
    "f1-score": 0.8722145077325468,
    "support": 271
  },
  "micro avg": {
    "precision": 0.8782287822878229,
    "recall": 0.8782287822878229,
    "f1-score": 0.8782287822878229,
    "support": 271
  }
}